Country,Confirmed,Deaths,Recovered,Active,New_cases
Afghanistan,36263,1269,25198,9796,106
Albania,4880,144,2745,1991,117
Algeria,27973,1163,18837,7973,616
Andorra,907,52,803,52,10
Angola,950,41,242,667,18
Antigua and Barbuda,86,3,65,18,4
Argentina,167416,3059,72575,91782,4890
Armenia,37390,711,26665,10014,73
Australia,15303,167,9311,5825,368
Austria,20558,713,18246,1599,86
Azerbaijan,30446,423,23242,6781,396
Bahamas,382,11,91,280,40
Bahrain,39482,141,36110,3231,351
Bangladesh,226225,2965,125683,97577,2772
Barbados,110,7,94,9,0
Belarus,67251,538,60492,6221,119
Belgium,66428,9822,17452,39154,402
Belize,48,2,26,20,0
Benin,1770,35,1036,699,0
Bhutan,99,0,86,13,4
Bolivia,71181,2647,21478,47056,1752
Bosnia and Herzegovina,10498,294,4930,5274,731
Botswana,739,2,63,674,53
Brazil,2442375,87618,1846641,508116,23284
Brunei,141,3,138,0,0
Bulgaria,10621,347,5585,4689,194
Burkina Faso,1100,53,926,121,14
Burma,350,6,292,52,0
Burundi,378,1,301,76,17
Cabo Verde,2328,22,1550,756,21
Cambodia,226,0,147,79,1
Cameroon,17110,391,14539,2180,402
Canada,116458,8944,0,107514,682
Central African Republic,4599,59,1546,2994,0
Chad,922,75,810,37,7
Chile,347923,9187,319954,18782,2133
China,86783,4656,78869,3258,213
Colombia,257101,8777,131161,117163,16306
Comoros,354,7,328,19,0
Congo (Brazzaville),3200,54,829,2317,162
Congo (Kinshasa),8844,208,5700,2936,13
Costa Rica,15841,115,3824,11902,612
Cote d'Ivoire,15655,96,10361,5198,59
Croatia,4881,139,3936,806,24
Cuba,2532,87,2351,94,37New
,10,18,3.5,69.49,5.04
,6,63,2.95,56.25,5.25
,8,749,4.16,67.34,6.17
,0,0,5.73,88.53,6.48
,1,0,4.32,25.47,16.94
,0,5,3.49,75.58,4.62
,120,2057,1.83,43.35,4.21
,6,187,1.9,71.32,2.67
,6,137,1.09,60.84,1.79
,1,37,3.47,88.75,3.91
,6,558,1.39,76.34,1.82
,0,0,2.88,23.82,12.09
,1,421,0.36,91.46,0.39
,37,1801,1.31,55.56,2.36
,0,0,6.36,85.45,7.45
,4,67,0.8,89.95,0.89
,1,14,14.79,26.27,56.28
,0,0,4.17,54.17,7.69
,0,0,1.98,58.53,3.38
,0,1,0,86.87,0
,64,309,3.72,30.17,12.32
,14,375,2.8,46.96,5.96
,1,11,0.27,8.53,3.17
,614,33728,3.59,75.61,4.74
,0,0,2.13,97.87,2.17
,7,230,3.27,52.58,6.21
,0,6,4.82,84.18,5.72
,0,2,1.71,83.43,2.05
,0,22,0.26,79.63,0.33
,0,103,0.95,66.58,1.42
,0,4,0,65.04,0
,6,0,2.29,84.97,2.69
,11,0,7.68,0,inf
,0,0,1.28,33.62,3.82
,0,0,8.13,87.85,9.26
,75,1859,2.64,91.96,2.87
,4,7,5.37,90.88,5.9
,508,11494,3.41,51.02,6.69
,0,0,1.98,92.66,2.13
,3,73,1.69,25.91,6.51
,4,190,2.35,64.45,3.65
,11,88,0.73,24.14,3.01
,0,183,0.61,66.18,0.93
,3,70,2.85,80.64,3.53
,0,2,3.44,92.85,3.7
,86,3.52,AmericasCyprus,1060,19
Czechia,15516,373,11428,3715,192
Denmark,13761,613,12605,543,109
Djibouti,5059,58,4977,24,9
Dominica,18,0,18,0,0
Dominican Republic,64156,1083,30204,32869,1248
Ecuador,81161,5532,34896,40733,467
Egypt,92482,4652,34838,52992,420
El Salvador,15035,408,7778,6849,405
Equatorial Guinea,3071,51,842,2178,0
Eritrea,265,0,191,74,2
Estonia,2034,69,1923,42,0
Eswatini,2316,34,1025,1257,109
Ethiopia,14547,228,6386,7933,579
Fiji,27,0,18,9,0
Finland,7398,329,6920,149,5
France,220352,30212,81212,108928,2551
Gabon,7189,49,4682,2458,205
Gambia,326,8,66,252,49
Georgia,1137,16,922,199,6
Germany,207112,9125,190314,7673,445
Ghana,33624,168,29801,3655,655
Greece,4227,202,1374,2651,34
Greenland,14,0,13,1,1
Grenada,23,0,23,0,0
Guatemala,45309,1761,32455,11093,256
Guinea,7055,45,6257,753,47
Guinea-Bissau,1954,26,803,1125,0
Guyana,389,20,181,188,19
Haiti,7340,158,4365,2817,25
Holy See,12,0,12,0,0
Honduras,39741,1166,5039,33536,465
Hungary,4448,596,3329,523,13
Iceland,1854,10,1823,21,7
India,1480073,33408,951166,495499,44457
Indonesia,100303,4838,58173,37292,1525
Iran,293606,15912,255144,22550,2434
Iraq,112585,4458,77144,30983,2553
Ireland,25892,1764,23364,764,11
Israel,63985,474,27133,36378,2029
Italy,246286,35112,198593,12581,168
Jamaica,853,10,714,129,11
Japan,31142,998,21970,8174,594
Jordan,1176,11,1041,124,8
Kazakhstan,84648,585,54404,29659,1526
Kenya,17975,285,7833,9857,3720
,2,0,2.4,73.65,3.26
,0,77,4.45,91.6,4.86
,0,11,1.15,98.38,1.17
,0,0,0,100,0
,20,1601,1.69,47.08,3.59
,17,0,6.82,43,15.85
,46,1007,5.03,37.67,13.35
,8,130,2.71,51.73,5.25
,0,0,1.66,27.42,6.06
,0,2,0,72.08,0
,0,1,3.39,94.54,3.59
,2,39,1.47,44.26,3.32
,5,170,1.57,43.9,3.57
,0,0,0,66.67,0
,0,0,4.45,93.54,4.75
,17,267,13.71,36.86,37.2
,0,219,0.68,65.13,1.05
,2,6,2.45,20.25,12.12
,0,2,1.41,81.09,1.74
,1,259,4.41,91.89,4.79
,0,307,0.5,88.63,0.56
,0,0,4.78,32.51,14.7
,0,0,0,92.86,0
,0,0,0,100,0
,27,843,3.89,71.63,5.43
,2,105,0.64,88.69,0.72
,0,0,1.33,41.1,3.24
,0,0,5.14,46.53,11.05
,1,0,2.15,59.47,3.62
,0,0,0,100,0
,50,117,2.93,12.68,23.14
,0,0,13.4,74.84,17.9
,0,0,0.54,98.33,0.55
,637,33598,2.26,64.26,3.51
,57,1518,4.82,58,8.32
,212,1931,5.42,86.9,6.24
,96,1927,3.96,68.52,5.78
,0,0,6.81,90.24,7.55
,4,108,0.74,42.41,1.75
,5,147,14.26,80.64,17.68
,0,0,1.17,83.7,1.4
,0,364,3.2,70.55,4.54
,0,0,0.94,88.52,1.06
,0,1833,0.69,64.27,1.08
,5,90,1.59,43.58,3.64
,4204,30.53,AfricaKosovo,7413,185
Kuwait,64379,438,55057,8884,606
Kyrgyzstan,33296,1301,21205,10790,483
Laos,20,0,19,1,0
Latvia,1219,31,1045,143,0
Lebanon,3882,51,1709,2122,132
Lesotho,505,12,128,365,0
Liberia,1167,72,646,449,5
Libya,2827,64,577,2186,158
Liechtenstein,86,1,81,4,0
Lithuania,2019,80,1620,319,11
Luxembourg,6321,112,4825,1384,49
Madagascar,9690,91,6260,3339,395
Malawi,3664,99,1645,1920,24
Malaysia,8904,124,8601,179,7
Maldives,3369,15,2547,807,67
Mali,2513,124,1913,476,3
Malta,701,9,665,27,1
Mauritania,6208,156,4653,1399,37
Mauritius,344,10,332,2,0
Mexico,395489,44022,303810,47657,4973
Moldova,23154,748,16154,6252,120
Monaco,116,4,104,8,0
Mongolia,289,0,222,67,1
Montenegro,2893,45,809,2039,94
Morocco,20887,316,16553,4018,609
Mozambique,1701,11,0,1690,32
Namibia,1843,8,101,1734,68
Nepal,18752,48,13754,4950,139
Netherlands,53413,6160,189,47064,419
New Zealand,1557,22,1514,21,1
Nicaragua,3439,108,2492,839,0
Niger,1132,69,1027,36,0
Nigeria,41180,860,18203,22117,648
North Macedonia,10213,466,5564,4183,127
Norway,9132,255,8752,125,15
Oman,77058,393,57028,19637,1053
Pakistan,274289,5842,241026,27421,1176
Panama,61442,1322,35086,25034,1146
Papua New Guinea,62,0,11,51,0
Paraguay,4548,43,2905,1600,104
Peru,389717,18418,272547,98752,13756
Philippines,82040,1945,26446,53649,1592
Poland,43402,1676,32856,8870,337
Portugal,50299,1719,35375,13205,135
Qatar,109597,165,106328,3104,29216
,5,684,0.68,85.52,0.8
,24,817,3.91,63.69,6.14
,0,0,0,95,0
,0,0,2.54,85.73,2.97
,0,17,1.31,44.02,2.98
,0,0,2.38,25.35,9.38
,0,5,6.17,55.36,11.15
,4,24,2.26,20.41,11.09
,0,0,1.16,94.19,1.23
,0,4,3.96,80.24,4.94
,0,178,1.77,76.33,2.32
,6,681,0.94,64.6,1.45
,0,6,2.7,44.9,6.02
,0,1,1.39,96.6,1.44
,0,19,0.45,75.6,0.59
,1,2,4.93,76.12,6.48
,0,0,1.28,94.86,1.35
,0,223,2.51,74.95,3.35
,0,0,2.91,96.51,3.01
,342,8588,11.13,76.82,14.49
,13,245,3.23,69.77,4.63
,0,0,3.45,89.66,3.85
,0,4,0,76.82,0
,2,70,1.56,27.96,5.56
,3,115,1.51,79.25,1.91
,0,0,0.65,0,inf
,0,26,0.43,5.48,7.92
,3,626,0.26,73.35,0.35
,1,0,11.53,0.35,3259.26
,0,1,1.41,97.24,1.45
,0,0,3.14,72.46,4.33
,0,0,6.1,90.72,6.72
,2,829,2.09,44.2,4.72
,6,137,4.56,54.48,8.38
,0,0,2.79,95.84,2.91
,9,1729,0.51,74.01,0.69
,20,3592,2.13,87.87,2.42
,28,955,2.15,57.1,3.77
,0,0,0,17.74,0
,2,111,0.95,63.87,1.48
,575,4697,4.73,69.93,6.76
,13,336,2.37,32.24,7.35
,5,103,3.86,75.7,5.1
,2,158,3.42,70.33,4.86
,0,304,0.15,97.02,0.16
,2560,2.39,Eastern,MediterraneanRomania,45902
Russia,816680,13334,602249,201097,5607
Rwanda,1879,5,975,899,58
Saint Kitts and Nevis,17,0,15,2,0
Saint Lucia,24,0,22,2,0
San Marino,699,42,657,0,0
Sao Tome and Principe,865,14,734,117,2
Saudi Arabia,268934,2760,222936,43238,1993
Senegal,9764,194,6477,3093,83
Serbia,24141,543,0,23598,411
Seychelles,114,0,39,75,0
Sierra Leone,1783,66,1317,400,0
Singapore,50838,27,45692,5119,469
Slovakia,2181,28,1616,537,2
Slovenia,2087,116,1733,238,5
Somalia,3196,93,1543,1560,18
South Africa,452529,7067,274925,170537,7096
South Korea,14203,300,13007,896,28
South Sudan,2305,46,1175,1084,43
Spain,272421,28432,150376,93613,0
Sri Lanka,2805,11,2121,673,23
Sudan,11424,720,5939,4765,39
Suriname,1483,24,925,534,44
Sweden,79395,5700,0,73695,398
Switzerland,34477,1978,30900,1599,65
Syria,674,40,0,634,24
Taiwan*,462,7,440,15,4
Tajikistan,7235,60,6028,1147,43
Tanzania,509,21,183,305,0
Thailand,3297,58,3111,128,6
Timor-Leste,24,0,0,24,0
Togo,874,18,607,249,6
Trinidad and Tobago,148,8,128,12,1
Tunisia,1455,50,1157,248,3
Turkey,227019,5630,210469,10920,919
US,4290259,148011,1325804,2816444,56336
Uganda,1128,2,986,140,13
Ukraine,67096,1636,37202,28258,835
United Arab Emirates,59177,345,52510,6322,264
United Kingdom,301708,45844,1437,254427,688
Uruguay,1202,35,951,216,10
Uzbekistan,21209,121,11674,9414,678
Venezuela,15988,146,9959,5883,525
Vietnam,431,0,365,66,11
West Bank and Gaza,10621,78,3752,6791,15219
,85,3077,1.63,73.74,2.21
,0,57,0.27,51.89,0.51
,0,0,0,88.24,0
,0,0,0,91.67,0
,0,0,0,75,0
,0,0,6.01,93.99,6.39
,0,38,1.62,84.86,1.91
,27,2613,1.03,82.9,1.24
,3,68,1.99,66.34,3
,9,0,2.25,0,inf
,0,0,0,34.21,0
,0,4,3.7,73.86,5.01
,0,171,0.05,89.88,0.06
,0,39,1.28,74.09,1.73
,0,55,5.56,83.04,6.69
,0,22,2.91,48.28,6.03
,298,9848,1.56,60.75,2.57
,1,102,2.11,91.58,2.31
,1,0,2,50.98,3.91
,0,0,10.44,55.2,18.91
,0,15,0.39,75.61,0.52
,3,49,6.3,51.99,12.12
,1,35,1.62,62.37,2.59
,3,0,7.18,0,inf
,1,200,5.74,89.62,6.4
,2,0,5.93,0,inf
,0,0,1.52,95.24,1.59
,1,58,0.83,83.32,1
,0,0,4.13,35.95,11.48
,0,2,1.76,94.36,1.86
,0,0,0,0,0
,0,8,2.06,69.45,2.97
,0,0,5.41,86.49,6.25
,0,15,3.44,79.52,4.32
,17,982,2.48,92.71,2.67
,1076,27941,3.45,30.9,11.16
,0,4,0.18,87.41,0.2
,11,317,2.44,55.45,4.4
,1,328,0.58,88.73,0.66
,7,3,15.19,0.48,3190.26
,1,3,2.91,79.12,3.68
,5,569,0.57,55.04,1.04
,4,213,0.91,62.29,1.47
,0,0,0,84.69,0
,2,0,0.73,35.33,2.08
,1705,19.12,Eastern,MediterraneanWestern,Sahara
Yemen,1691,483,833,375,10
Zambia,4552,140,2815,1597,71
Zimbabwe,2704,36,542,2126,1920
,4,36,28.56,49.26,57.98
,1,465,3.08,61.84,4.97
,2,24,1.33,20.04,6.64
